Workbook

Sheet Dashboard
A1: Compliance and Quality Assurance Dashboard
A3: Metric | B3: Current Value | C3: Target / Reference | D3: Status | F3: Audit Type | G3: Compliance Score
A4: Checklist items reviewed | B4: =COUNTA('Compliance Checklist'!A4:A15) -> 12 | C4: 12 active items | D4: =IF(B4>=12,"Complete","Review") -> Complete | F4: Patient Record Audit | G4: 92
A5: Checklist compliance rate | B5: =COUNTIF('Compliance Checklist'!F4:F15,"Compliant")/COUNTA('Compliance Checklist'!F4:F15) -> 0.58333333 | C5: 90% or above | D5: =IF(B5>=0.9,"On Track","Action Needed") -> Action Needed | F5: Consent Form Audit | G5: 85
A6: Open corrective actions | B6: =COUNTIF('Corrective Action Log'!G4:G8,"Open") -> 2 | C6: 0 overdue actions | D6: =IF(B6=0,"On Track","Action Needed") -> Action Needed | F6: Access Control Review | G6: 100
A7: High or critical risks | B7: =COUNTIF('Risk Assessment'!G4:G11,"High")+COUNTIF('Risk Assessment'!G4:G11,"Critical") -> 2 | C7: Actively controlled | D7: =IF(B7<=4,"Controlled","Review") -> Controlled | F7: Incident Report Review | G7: 88
A8: Average audit compliance | B8: =AVERAGE('Audit Tracker'!G4:G9) -> 0.92 | C8: 90% or above | D8: =IF(B8>=0.9,"On Track","Action Needed") -> On Track | F8: Staff File Audit | G8: 87
A9: KPI targets achieved | B9: =COUNTIF('Quality KPI Tracker'!G4:G11,"On Track") -> 3 | C9: 5 or more | D9: =IF(B9>=5,"On Track","Monitor") -> Monitor | F9: Cleaning Log Review | G9: 100
A12: Risk Level | B12: Count | D12: KPI | E12: Target Score | F12: Actual Score
A13: Low | B13: 0 | D13: Patient record completion rate | E13: 95 | F13: 94
A14: Medium | B14: 6 | D14: Consent form accuracy | E14: 100 | F14: 91
A15: High | B15: 2 | D15: Appointment documentation accuracy | E15: 95 | F15: 96
A16: Critical | B16: 0 | D16: Incident closure within deadline | E16: 90 | F16: 88
D17: Staff training completion | E17: 100 | F17: 93
D18: Corrective action closure | E18: 90 | F18: 86
D19: Access permission review completion | E19: 100 | F19: 100
D20: Cleaning log completion | E20: 98 | F20: 100

Sheet Compliance Checklist
A1: Compliance Checklist
A3: Area | B3: Checklist Item | C3: Evidence Required | D3: Frequency | E3: Owner | F3: Status | G3: Risk Level | H3: Last Review Date | I3: Next Review Date | J3: Action Required | K3: Notes
A4: Patient Records | B4: Patient ID and demographic details are complete | C4: Patient record sample | D4: Monthly | E4: Records Officer | F4: Compliant | G4: Medium | H4: 46174 | I4: 46204 | J4: Continue monthly spot checks | K4: Accuracy verified for reviewed files
A5: Patient Records | B5: Clinical forms are filed in the correct patient record | C5: File review log | D5: Monthly | E5: Records Supervisor | F5: Partial | G5: High | H5: 46174 | I5: 46204 | J5: Recheck records with missing indexing labels | K5: Indexing review required
A6: Consent Forms | B6: Consent forms are signed, dated, and stored correctly | C6: Consent form sample | D6: Monthly | E6: Admin Officer | F6: Partial | G6: High | H6: 46175 | I6: 46205 | J6: Request missing signatures before service | K6: Two forms need follow-up
A7: Appointment Documentation | B7: Appointment status and department are recorded accurately | C7: Appointment log | D7: Weekly | E7: Clinic Coordinator | F7: Compliant | G7: Medium | H7: 46176 | I7: 46183 | J7: Maintain verification before confirmation | K7: No critical gaps found
A8: Data Protection | B8: User access is limited to authorized roles | C8: Access list | D8: Quarterly | E8: Administration Supervisor | F8: Compliant | G8: High | H8: 46177 | I8: 46269 | J8: Review permissions quarterly | K8: Role access list confirmed
A9: Backup and Recovery | B9: Backup log is completed and reviewed | C9: Backup log | D9: Weekly | E9: Records Supervisor | F9: Pending Review | G9: High | H9: 46178 | I9: 46185 | J9: Complete weekly evidence check | K9: Evidence pending
A10: Incident Reporting | B10: Incidents are documented on the same working day | C10: Incident register | D10: Monthly | E10: Quality Coordinator | F10: Compliant | G10: Medium | H10: 46179 | I10: 46209 | J10: Continue review of closure notes | K10: Reporting timeline met
A11: Staff Documentation | B11: Licenses and mandatory training records are current | C11: Staff file audit | D11: Quarterly | E11: HR/Admin Officer | F11: Partial | G11: High | H11: 46180 | I11: 46272 | J11: Update training evidence for new staff | K11: Two files need updated certificates
A12: Infection Control | B12: Cleaning and hygiene logs are completed | C12: Cleaning checklist | D12: Daily | E12: Nursing Lead | F12: Compliant | G12: High | H12: 46181 | I12: 46182 | J12: Continue daily checks | K12: All logs signed
A13: Document Control | B13: SOP versions are approved and current | C13: SOP register | D13: Quarterly | E13: Quality Coordinator | F13: Compliant | G13: Medium | H13: 46182 | I13: 46274 | J13: Archive superseded versions | K13: Register updated
A14: Patient Complaints | B14: Complaint records include action and closure evidence | C14: Complaint tracker | D14: Monthly | E14: Patient Relations Officer | F14: Partial | G14: Medium | H14: 46183 | I14: 46213 | J14: Add closure evidence for open case | K14: One case awaiting confirmation
A15: Audit Readiness | B15: Corrective action plans include owner and due date | C15: Action log | D15: Monthly | E15: Quality Coordinator | F15: Compliant | G15: Medium | H15: 46184 | I15: 46214 | J15: Maintain action ownership review | K15: All actions assigned

Sheet Risk Assessment
A1: Risk Assessment Register
A3: Risk ID | B3: Process Area | C3: Risk Description | D3: Likelihood | E3: Impact | F3: Risk Score | G3: Risk Level | H3: Control Measure | I3: Owner | J3: Review Date | K3: Status | L3: Residual Risk
A4: R-001 | B4: Patient Records | C4: Incorrect patient record entry | D4: 3 | E4: 4 | F4: =D4*E4 -> 12 | G4: =IF(F4>=20,"Critical",IF(F4>=12,"High",IF(F4>=6,"Medium","Low"))) -> High | H4: Double-check identifier fields and use validation rules | I4: Records Officer | J4: 46188 | K4: In Progress | L4: Medium
A5: R-002 | B5: Consent Forms | C5: Missing or incomplete consent documentation | D5: 3 | E5: 5 | F5: =D5*E5 -> 15 | G5: =IF(F5>=20,"Critical",IF(F5>=12,"High",IF(F5>=6,"Medium","Low"))) -> High | H5: Pre-service document verification checklist | I5: Admin Officer | J5: 46188 | K5: Open | L5: High
A6: R-003 | B6: Data Protection | C6: Unauthorized access to patient information | D6: 2 | E6: 5 | F6: =D6*E6 -> 10 | G6: =IF(F6>=20,"Critical",IF(F6>=12,"High",IF(F6>=6,"Medium","Low"))) -> Medium | H6: Role-based access review and user access log | I6: Administration Supervisor | J6: 46193 | K6: In Progress | L6: High
A7: R-004 | B7: Incident Reporting | C7: Delayed reporting of patient service incidents | D7: 2 | E7: 4 | F7: =D7*E7 -> 8 | G7: =IF(F7>=20,"Critical",IF(F7>=12,"High",IF(F7>=6,"Medium","Low"))) -> Medium | H7: Same-day incident logging and supervisor review | I7: Quality Coordinator | J7: 46191 | K7: Open | L7: Medium
A8: R-005 | B8: Staff Documentation | C8: Expired staff license or missing training evidence | D8: 2 | E8: 5 | F8: =D8*E8 -> 10 | G8: =IF(F8>=20,"Critical",IF(F8>=12,"High",IF(F8>=6,"Medium","Low"))) -> Medium | H8: Quarterly staff file review and training tracker | I8: HR/Admin Officer | J8: 46195 | K8: In Progress | L8: High
A9: R-006 | B9: Appointment Documentation | C9: Incorrect department selected during appointment entry | D9: 3 | E9: 3 | F9: =D9*E9 -> 9 | G9: =IF(F9>=20,"Critical",IF(F9>=12,"High",IF(F9>=6,"Medium","Low"))) -> Medium | H9: Department selection list and confirmation step | I9: Clinic Coordinator | J9: 46190 | K9: Closed | L9: Low
A10: R-007 | B10: Backup and Recovery | C10: Backup evidence not reviewed on schedule | D10: 2 | E10: 4 | F10: =D10*E10 -> 8 | G10: =IF(F10>=20,"Critical",IF(F10>=12,"High",IF(F10>=6,"Medium","Low"))) -> Medium | H10: Weekly backup review and supervisor sign-off | I10: Records Supervisor | J10: 46192 | K10: Open | L10: Medium
A11: R-008 | B11: Document Control | C11: Staff use outdated SOP version | D11: 2 | E11: 4 | F11: =D11*E11 -> 8 | G11: =IF(F11>=20,"Critical",IF(F11>=12,"High",IF(F11>=6,"Medium","Low"))) -> Medium | H11: Controlled SOP register and version notice | I11: Quality Coordinator | J11: 46194 | K11: Closed | L11: Low

Sheet Audit Tracker
A1: Internal Audit Tracker
A3: Audit ID | B3: Audit Type | C3: Department | D3: Audit Date | E3: Sample Size | F3: Findings | G3: Compliance % | H3: Auditor | I3: Status | J3: Next Review | K3: Notes
A4: A-001 | B4: Patient Record Audit | C4: Medical Records | D4: 46174 | E4: 25 | F4: 2 | G4: 0.92 | H4: Quality Coordinator | I4: Closed | J4: 46204 | K4: Two indexing issues corrected
A5: A-002 | B5: Consent Form Audit | C5: Outpatient Services | D5: 46175 | E5: 20 | F5: 3 | G5: 0.85 | H5: Admin Officer | I5: In Progress | J5: 46205 | K5: Signatures pending for selected files
A6: A-003 | B6: Access Control Review | C6: Administration | D6: 46177 | E6: 12 | F6: 0 | G6: 1 | H6: Administration Supervisor | I6: Closed | J6: 46269 | K6: Access roles confirmed
A7: A-004 | B7: Incident Report Review | C7: Quality | D7: 46179 | E7: 8 | F7: 1 | G7: 0.88 | H7: Quality Coordinator | I7: Closed | J7: 46209 | K7: Closure evidence improved
A8: A-005 | B8: Staff File Audit | C8: HR/Admin | D8: 46180 | E8: 15 | F8: 2 | G8: 0.87 | H8: HR/Admin Officer | I8: In Progress | J8: 46272 | K8: Training evidence update needed
A9: A-006 | B9: Cleaning Log Review | C9: Nursing | D9: 46181 | E9: 30 | F9: 0 | G9: 1 | H9: Nursing Lead | I9: Closed | J9: 46211 | K9: Daily log completed

Sheet Corrective Action Log
A1: Corrective Action Log
A3: Action ID | B3: Source | C3: Finding | D3: Root Cause | E3: Action Owner | F3: Due Date | G3: Status | H3: Days Remaining | I3: Verification Date | J3: Closure Evidence
A4: CA-001 | B4: Consent Form Audit | C4: Missing signature on selected consent forms | D4: Pre-service check not consistently completed | E4: Admin Officer | F4: 46193 | G4: In Progress | H4: =IF(G4="Closed",0,F4-TODAY()) -> 8 | J4: Updated forms to be attached
A5: CA-002 | B5: Patient Record Audit | C5: Indexing label missing on two records | D5: Manual filing step skipped | E5: Records Officer | F5: 46191 | G5: Closed | H5: =IF(G5="Closed",0,F5-TODAY()) -> 0 | I5: 46190 | J5: Records rechecked and signed off
A6: CA-003 | B6: Staff File Audit | C6: Training evidence missing for two staff files | D6: Training evidence not uploaded after completion | E6: HR/Admin Officer | F6: 46198 | G6: Open | H6: =IF(G6="Closed",0,F6-TODAY()) -> 13 | J6: Certificates pending
A7: CA-004 | B7: Backup Review | C7: Weekly backup evidence pending | D7: Supervisor review not completed by deadline | E7: Records Supervisor | F7: 46194 | G7: Open | H7: =IF(G7="Closed",0,F7-TODAY()) -> 9 | J7: Backup evidence to be reviewed
A8: CA-005 | B8: Complaint Tracker | C8: Closure evidence missing for one complaint | D8: Follow-up confirmation not recorded | E8: Patient Relations Officer | F8: 46195 | G8: In Progress | H8: =IF(G8="Closed",0,F8-TODAY()) -> 10 | J8: Patient update confirmation pending

Sheet SOP Register
A1: SOP Register
A3: SOP ID | B3: SOP Title | C3: Process Owner | D3: Version | E3: Effective Date | F3: Review Date | G3: Status | H3: Related Area | I3: Change Notes
A4: SOP-001 | B4: Patient Record Documentation | C4: Records Supervisor | D4: 1.0 | E4: 46174 | F4: 46357 | G4: Approved | H4: Patient Records | I4: New controlled version
A5: SOP-002 | B5: Appointment Verification | C5: Clinic Coordinator | D5: 1.0 | E5: 46174 | F5: 46357 | G5: Approved | H5: Appointment Documentation | I5: Added department check
A6: SOP-003 | B6: Consent Form Review | C6: Admin Officer | D6: 1.0 | E6: 46174 | F6: 46357 | G6: Approved | H6: Consent Forms | I6: Added pre-service review
A7: SOP-004 | B7: Incident Reporting and Escalation | C7: Quality Coordinator | D7: 1.0 | E7: 46174 | F7: 46357 | G7: Approved | H7: Incident Reporting | I7: Included same-day reporting rule
A8: SOP-005 | B8: Internal Audit and Corrective Action | C8: Quality Coordinator | D8: 1.0 | E8: 46174 | F8: 46357 | G8: Approved | H8: Audit Readiness | I8: Linked audit tracker to action log
A9: SOP-006 | B9: Data Access Control | C9: Administration Supervisor | D9: 1.0 | E9: 46174 | F9: 46357 | G9: Approved | H9: Data Protection | I9: Defined role access review
A10: SOP-007 | B10: Document Control | C10: Quality Coordinator | D10: 1.0 | E10: 46174 | F10: 46357 | G10: Approved | H10: Document Control | I10: Added version control steps

Sheet Quality KPI Tracker
A1: Quality KPI Tracker
A3: KPI | B3: Target | C3: Actual | D3: Gap | E3: Month | F3: Owner | G3: Status | H3: Trend | I3: Notes
A4: Patient record completion rate | B4: 0.95 | C4: 0.94 | D4: =C4-B4 -> -0.01 | E4: June 2026 | F4: Records Supervisor | G4: Monitor | H4: Improving | I4: Near target
A5: Consent form accuracy | B5: 1 | C5: 0.91 | D5: =C5-B5 -> -0.09 | E5: June 2026 | F5: Admin Officer | G5: Action Needed | H5: Declining | I5: Missing signatures addressed
A6: Appointment documentation accuracy | B6: 0.95 | C6: 0.96 | D6: =C6-B6 -> 0.01 | E6: June 2026 | F6: Clinic Coordinator | G6: On Track | H6: Stable | I6: Above target
A7: Incident closure within deadline | B7: 0.9 | C7: 0.88 | D7: =C7-B7 -> -0.02 | E7: June 2026 | F7: Quality Coordinator | G7: Monitor | H7: Stable | I7: One closure pending
A8: Staff training completion | B8: 1 | C8: 0.93 | D8: =C8-B8 -> -0.07 | E8: June 2026 | F8: HR/Admin Officer | G8: Action Needed | H8: Stable | I8: Evidence updates needed
A9: Corrective action closure | B9: 0.9 | C9: 0.86 | D9: =C9-B9 -> -0.04 | E9: June 2026 | F9: Quality Coordinator | G9: Action Needed | H9: Improving | I9: Open actions have due dates
A10: Access permission review completion | B10: 1 | C10: 1 | D10: =C10-B10 -> 0 | E10: June 2026 | F10: Administration Supervisor | G10: On Track | H10: Stable | I10: Completed
A11: Cleaning log completion | B11: 0.98 | C11: 1 | D11: =C11-B11 -> 0.02 | E11: June 2026 | F11: Nursing Lead | G11: On Track | H11: Stable | I11: Fully completed

Sheet Incident Log
A1: Incident and Quality Event Log
A3: Incident ID | B3: Date | C3: Area | D3: Category | E3: Severity | F3: Summary | G3: Immediate Action | H3: Owner | I3: Status | J3: Closure Date | K3: Lessons Learned
A4: I-001 | B4: 46176 | C4: Outpatient Services | D4: Documentation | E4: Medium | F4: Appointment department was updated after verification | G4: Correct department confirmed and record updated | H4: Clinic Coordinator | I4: Closed | J4: 46177 | K4: Add second check before final confirmation
A5: I-002 | B5: 46180 | C5: Records | D5: Filing | E5: Low | F5: Indexing label missing on selected record | G5: Record label corrected | H5: Records Officer | I5: Closed | J5: 46181 | K5: Use daily end-of-day filing check
A6: I-003 | B6: 46184 | C6: Administration | D6: Access Review | E6: Low | F6: New staff role access pending review | G6: Supervisor reviewed access list | H6: Administration Supervisor | I6: Closed | J6: 46185 | K6: Add new staff access review to onboarding checklist
A7: I-004 | B7: 46186 | C7: Billing | D7: Documentation | E7: Medium | F7: Insurance approval evidence pending in record | G7: Billing officer requested approval evidence | H7: Billing Officer | I7: In Progress | K7: Link billing updates to record tracker

Sheet Staff Training
A1: Staff Training Tracker
A3: Staff ID | B3: Role | C3: Training Topic | D3: Required Frequency | E3: Completion Date | F3: Expiry Date | G3: Status | H3: Evidence Link | I3: Supervisor
A4: S-001 | B4: Records Officer | C4: Patient record documentation | D4: Annual | E4: 46091 | F4: 46456 | G4: Complete | H4: Training folder | I4: Records Supervisor
A5: S-002 | B5: Admin Officer | C5: Consent form verification | D5: Annual | E5: 46124 | F5: 46489 | G5: Complete | H5: Training folder | I5: Administration Supervisor
A6: S-003 | B6: Clinic Coordinator | C6: Appointment documentation accuracy | D6: Annual | E6: 46073 | F6: 46438 | G6: Complete | H6: Training folder | I6: Operations Supervisor
A7: S-004 | B7: Quality Coordinator | C7: Internal audit and corrective action | D7: Annual | E7: 46143 | F7: 46508 | G7: Complete | H7: Training folder | I7: Administration Supervisor
A8: S-005 | B8: New Admin Staff | C8: Data protection and confidentiality | D8: Annual | F8: 46203 | G8: Pending | H8: To be uploaded | I8: Administration Supervisor

Sheet Document Control
A1: Document Control Register
A3: Doc ID | B3: Document Name | C3: Document Type | D3: Owner | E3: Version | F3: Issue Date | G3: Next Review Date | H3: Approved By | I3: Status | J3: Storage Location
A4: D-001 | B4: Patient Record Documentation SOP | C4: SOP | D4: Records Supervisor | E4: 1.0 | F4: 46174 | G4: 46357 | H4: Administration Supervisor | I4: Approved | J4: Controlled Documents
A5: D-002 | B5: Compliance Checklist | C5: Checklist | D5: Quality Coordinator | E5: 1.0 | F5: 46174 | G5: 46266 | H5: Administration Supervisor | I5: Approved | J5: Quality Folder
A6: D-003 | B6: Risk Assessment Register | C6: Register | D6: Quality Coordinator | E6: 1.0 | F6: 46174 | G6: 46266 | H6: Administration Supervisor | I6: Approved | J6: Quality Folder
A7: D-004 | B7: Internal Audit Tracker | C7: Tracker | D7: Quality Coordinator | E7: 1.0 | F7: 46174 | G7: 46266 | H7: Administration Supervisor | I7: Approved | J7: Audit Folder
A8: D-005 | B8: Corrective Action Log | C8: Tracker | D8: Quality Coordinator | E8: 1.0 | F8: 46174 | G8: 46266 | H8: Administration Supervisor | I8: Approved | J8: Audit Folder

Sheet Process Flow
A1: Compliance Audit and Corrective Action Process Flow
A3: Step | B3: Process Stage | C3: Main Activity | D3: Responsible Role | E3: Output | F3: Control Point
A4: 1 | B4: Plan Audit | C4: Define audit area, sample size, and audit date | D4: Quality Coordinator | E4: Audit plan | F4: Audit scope approved
A5: 2 | B5: Collect Evidence | C5: Gather records, forms, logs, and tracker entries | D5: Assigned Auditor | E5: Evidence pack | F5: Evidence source recorded
A6: 3 | B6: Review Compliance | C6: Compare evidence with checklist and SOP requirements | D6: Assigned Auditor | E6: Audit findings | F6: Checklist completed
A7: 4 | B7: Rate Risk | C7: Assign risk level for each gap found | D7: Quality Coordinator | E7: Risk rating | F7: Likelihood and impact reviewed
A8: 5 | B8: Assign Action | C8: Create corrective action with owner and due date | D8: Department Lead | E8: Action log entry | F8: Owner and deadline confirmed
A9: 6 | B9: Verify Closure | C9: Check evidence after action completion | D9: Quality Coordinator | E9: Closure evidence | F9: Supervisor verification
A10: 7 | B10: Improve Process | C10: Update SOP, checklist, or training where needed | D10: Administration Supervisor | E10: Updated control | F10: Change recorded in register

Sheet Validation Lists
A1: Status | B1: Risk Level | C1: Frequency | D1: Likelihood | E1: Impact | F1: Severity
A2: Compliant | B2: Low | C2: Daily | D2: 1 | E2: 1 | F2: Low
A3: Partial | B3: Medium | C3: Weekly | D3: 2 | E3: 2 | F3: Medium
A4: Non-Compliant | B4: High | C4: Monthly | D4: 3 | E4: 3 | F4: High
A5: Pending Review | B5: Critical | C5: Quarterly | D5: 4 | E5: 4 | F5: Critical
A6: Open | C6: Semi-Annual | D6: 5 | E6: 5
A7: In Progress | C7: Annual
A8: Closed
