Workbook

Sheet Dashboard
A1: Operational Efficiency Dashboard
A3: Metric | B3: Result | D3: Metric | E3: Current | F3: Target | H3: Bottleneck | I3: Delay
A4: Registration time saved | B4: ='Time Savings Calculator'!B4 -> 8 | D4: Registration | E4: 18 | F4: 10 | H4: Check-in | I4: 8
A5: Patient waiting time reduced | B5: ='Time Savings Calculator'!B9 -> 15 | D5: Waiting | E5: 35 | F5: 20 | H5: Insurance | I5: 7
A6: Daily registration minutes saved | B6: ='Time Savings Calculator'!B5 -> 480 | D6: Confirmation | E6: 25 | F6: 12 | H6: Records | I6: 4
A7: Monthly admin hours saved | B7: ='Time Savings Calculator'!B6 -> 176 | D7: Records | E7: 9 | F7: 5 | H7: Department | I7: 6
A8: Estimated monthly cost saving | B8: ='Time Savings Calculator'!B8 -> 7920 | D8: Insurance | E8: 14 | F8: 7 | H8: Status update | I8: 5
A9: Same-day resolution target | B9: ='Efficiency Data'!D8 -> 90 | H9: Escalation | I9: 5
A11: Improvement Status | B11: Count | C11: Share
A12: Not Started | B12: 2 | C12: =B12/$B$15 -> 0.33333333
A13: In Progress | B13: 3 | C13: =B13/$B$15 -> 0.5
A14: Completed | B14: 1 | C14: =B14/$B$15 -> 0.16666667
A15: Total | B15: =SUM(B12:B14) -> 6

Sheet Efficiency Data
A1: Process Area | B1: Metric | C1: Current Performance | D1: Improved Target | E1: Unit | F1: Gap | G1: Improvement % | H1: Daily Volume | I1: Daily Minutes Saved
A2: Patient Registration | B2: Average registration time | C2: 18 | D2: 10 | E2: minutes | F2: =C2-D2 -> 8 | G2: =IF(C2=0,0,(C2-D2)/C2) -> 0.44444444 | H2: 60 | I2: =IF(E2="minutes",F2*H2,"") -> 480
A3: Patient Waiting | B3: Average waiting time | C3: 35 | D3: 20 | E3: minutes | F3: =C3-D3 -> 15 | G3: =IF(C3=0,0,(C3-D3)/C3) -> 0.42857143 | H3: 60 | I3: =IF(E3="minutes",F3*H3,"") -> 900
A4: Appointment Coordination | B4: Appointment confirmation delay | C4: 25 | D4: 12 | E4: minutes | F4: =C4-D4 -> 13 | G4: =IF(C4=0,0,(C4-D4)/C4) -> 0.52 | H4: 40 | I4: =IF(E4="minutes",F4*H4,"") -> 520
A5: Medical Records | B5: Record retrieval time | C5: 9 | D5: 5 | E5: minutes | F5: =C5-D5 -> 4 | G5: =IF(C5=0,0,(C5-D5)/C5) -> 0.44444444 | H5: 35 | I5: =IF(E5="minutes",F5*H5,"") -> 140
A6: Insurance Review | B6: Insurance approval delay | C6: 14 | D6: 7 | E6: minutes | F6: =C6-D6 -> 7 | G6: =IF(C6=0,0,(C6-D6)/C6) -> 0.5 | H6: 45 | I6: =IF(E6="minutes",F6*H6,"") -> 315
A7: Record Accuracy | B7: Duplicate record rate | C7: 8 | D7: 3 | E7: % | F7: =C7-D7 -> 5 | G7: =IF(C7=0,0,(C7-D7)/C7) -> 0.625 | H7: 60 | I7: =IF(E7="minutes",F7*H7,"")
A8: Issue Resolution | B8: Same-day issue resolution | C8: 70 | D8: 90 | E8: % | F8: =C8-D8 -> -20 | G8: =IF(C8=0,0,(C8-D8)/C8) -> -0.28571429 | H8: 25 | I8: =IF(E8="minutes",F8*H8,"")

Sheet Bottleneck Analysis
A1: Bottleneck ID | B1: Process Step | C1: Issue | D1: Root Cause | E1: Current Delay (min) | F1: Impact | G1: Recommended Action | H1: Owner | I1: Priority | J1: Status
A2: BN-001 | B2: Patient check-in | C2: Details verified after arrival | D2: No pre-visit checklist | E2: 8 | F2: Longer registration queue | G2: Create daily pre-visit verification checklist | H2: Front Desk Lead | I2: High | J2: In Progress
A3: BN-002 | B3: Insurance review | C3: Approval checked at the counter | D3: Insurance status not reviewed before visit | E3: 7 | F3: Patient wait time increases | G3: Review insurance status one day before appointment | H3: Billing Officer | I3: High | J3: In Progress
A4: BN-003 | B4: Records search | C4: Duplicate patient records found | D4: No duplicate check field | E4: 4 | F4: Incorrect record selection risk | G4: Use patient ID and mobile number duplicate check | H4: Records Officer | I4: Medium | J4: Not Started
A5: BN-004 | B5: Department confirmation | C5: Availability confirmed late | D5: No shared capacity view | E5: 6 | F5: Department handoff delay | G5: Use shared capacity board and morning huddle | H5: Outpatient Coordinator | I5: High | J5: In Progress
A6: BN-005 | B6: Status update | C6: Appointment status updated twice | D6: Separate department trackers | E6: 5 | F6: Repeated data entry | G6: Create one shared appointment status tracker | H6: Operations Supervisor | I6: Critical | J6: Not Started
A7: BN-006 | B7: Issue escalation | C7: Unclear owner for delays | D7: No time-based escalation rule | E7: 5 | F7: Delayed case resolution | G7: Assign escalation rules by issue type | H7: Quality Coordinator | I7: Medium | J7: Completed

Sheet Improvement Tracker
A1: Action ID | B1: Improvement Action | C1: Process Area | D1: Owner | E1: Start Date | F1: Due Date | G1: Priority | H1: Status | I1: Progress % | J1: Expected Benefit | K1: Notes
A2: IMP-001 | B2: Introduce pre-visit verification checklist | C2: Patient Registration | D2: Front Desk Lead | E2: 46188 | F2: 46203 | G2: High | H2: In Progress | I2: 55 | J2: Reduce registration time by 4 minutes | K2: Checklist includes ID, contact details, appointment status, and required documents
A3: IMP-002 | B3: Build shared appointment and insurance tracker | C3: Appointment Coordination | D3: Operations Supervisor | E3: 46188 | F3: 46218 | G3: Critical | H3: Not Started | I3: 15 | J3: Reduce repeated updates and improve visibility | K3: Tracker includes patient ID, department, insurance, status, and owner
A4: IMP-003 | B4: Review insurance status one day before appointments | C4: Insurance Review | D4: Billing Officer | E4: 46193 | F4: 46208 | G4: High | H4: In Progress | I4: 45 | J4: Reduce approval delays by 50% | K4: Use next-day appointment list for pre-checks
A5: IMP-004 | B5: Create duplicate record prevention rules | C5: Medical Records | D5: Records Officer | E5: 46193 | F5: 46213 | G5: Medium | H5: Not Started | I5: 20 | J5: Lower duplicate record rate to 3% | K5: Validation rule uses patient ID and mobile number
A6: IMP-005 | B6: Start 10-minute daily department huddle | C6: Interdepartmental Coordination | D6: Outpatient Coordinator | E6: 46190 | F6: 46197 | G6: Medium | H6: Completed | I6: 100 | J6: Reduce department confirmation delays | K6: Review capacity, urgent cases, and unresolved issues
A7: IMP-006 | B7: Implement escalation rules for unresolved cases | C7: Interdepartmental Coordination | D7: Quality Coordinator | E7: 46198 | F7: 46223 | G7: High | H7: In Progress | I7: 35 | J7: Improve same-day resolution to 90% | K7: Escalate based on issue type and time limit

Sheet Time Savings Calculator
A1: Input / Output | B1: Value | C1: Unit | D1: Formula / Notes
A2: Average patients per day | B2: 60 | C2: patients | D2: Editable input
A3: Working days per month | B3: 22 | C3: days | D3: Editable input
A4: Registration time saved per patient | B4: ='Efficiency Data'!C2-'Efficiency Data'!D2 -> 8 | C4: minutes | D4: Current registration time minus improved target
A5: Daily registration minutes saved | B5: =B2*B4 -> 480 | C5: minutes | D5: Patients per day multiplied by time saved
A6: Monthly registration hours saved | B6: =(B5*B3)/60 -> 176 | C6: hours | D6: Daily minutes saved multiplied by working days / 60
A7: Estimated admin cost per hour | B7: 45 | C7: AED | D7: Editable input
A8: Estimated monthly admin cost saving | B8: =B6*B7 -> 7920 | C8: AED | D8: Monthly hours saved multiplied by cost per hour
A9: Patient waiting time reduction per patient | B9: ='Efficiency Data'!C3-'Efficiency Data'!D3 -> 15 | C9: minutes | D9: Current waiting time minus improved target
A10: Daily patient waiting minutes reduced | B10: =B2*B9 -> 900 | C10: minutes | D10: Patients per day multiplied by waiting time reduction

Sheet KPI Tracker
A1: KPI | B1: Baseline | C1: Target | D1: Current Month | E1: Status | F1: Owner | G1: Review Frequency | H1: Formula / Rule
A2: Average registration time | B2: 18 | C2: 10 | D2: 14 | E2: =IF(OR(A2="Same-day issue resolution",A2="Corrective action closure"),IF(D2>=C2,"On Track","Needs Action"),IF(D2<=C2,"On Track","Needs Action")) -> Needs Action | F2: Front Desk Lead | G2: Weekly | H2: On Track if current month is less than or equal to target
A3: Average patient waiting time | B3: 35 | C3: 20 | D3: 27 | E3: =IF(OR(A3="Same-day issue resolution",A3="Corrective action closure"),IF(D3>=C3,"On Track","Needs Action"),IF(D3<=C3,"On Track","Needs Action")) -> Needs Action | F3: Operations Supervisor | G3: Weekly | H3: On Track if current month is less than or equal to target
A4: Appointment confirmation delay | B4: 25 | C4: 12 | D4: 18 | E4: =IF(OR(A4="Same-day issue resolution",A4="Corrective action closure"),IF(D4>=C4,"On Track","Needs Action"),IF(D4<=C4,"On Track","Needs Action")) -> Needs Action | F4: Outpatient Coordinator | G4: Weekly | H4: On Track if current month is less than or equal to target
A5: Duplicate record rate | B5: 8 | C5: 3 | D5: 5 | E5: =IF(OR(A5="Same-day issue resolution",A5="Corrective action closure"),IF(D5>=C5,"On Track","Needs Action"),IF(D5<=C5,"On Track","Needs Action")) -> Needs Action | F5: Records Officer | G5: Monthly | H5: On Track if current month is less than or equal to target
A6: Same-day issue resolution | B6: 70 | C6: 90 | D6: 82 | E6: =IF(OR(A6="Same-day issue resolution",A6="Corrective action closure"),IF(D6>=C6,"On Track","Needs Action"),IF(D6<=C6,"On Track","Needs Action")) -> Needs Action | F6: Quality Coordinator | G6: Weekly | H6: On Track if current month is greater than or equal to target
A7: Corrective action closure | B7: 75 | C7: 90 | D7: 84 | E7: =IF(OR(A7="Same-day issue resolution",A7="Corrective action closure"),IF(D7>=C7,"On Track","Needs Action"),IF(D7<=C7,"On Track","Needs Action")) -> Needs Action | F7: Quality Coordinator | G7: Monthly | H7: On Track if current month is greater than or equal to target

Sheet Workflow Map
A1: Current Workflow Step | B1: Description | C1: Pain Point | E1: Improved Workflow Step | F1: Description | G1: Expected Result
A2: 1 | B2: Patient arrives at reception | C2: Queue builds during peak hours | E2: 1 | F2: Next-day appointment list is prepared | G2: Exceptions identified before patient arrival
A3: 2 | B3: Appointment is searched | C3: Search may use name instead of unique patient ID | E3: 2 | F3: Patient record and insurance status are reviewed | G3: Registration starts with clear status
A4: 3 | B4: Patient details are verified | C4: Repeated entry when details already exist | E4: 3 | F4: Department capacity is checked during morning huddle | G4: Availability is visible to front desk
A5: 4 | B5: Insurance status is checked | C5: Approval issue identified late | E5: 4 | F5: Patient arrives and details are confirmed | G5: Only required changes are updated
A6: 5 | B6: Department availability is confirmed | C6: Staff must call or message department | E6: 5 | F6: Appointment status is updated in one shared tracker | G6: Departments see the same information
A7: 6 | B7: Record is retrieved or corrected | C7: Duplicate records slow down selection | E7: 6 | F7: Patient is directed to service area | G7: Waiting time is reduced
A8: 7 | B8: Patient waits for final confirmation | C8: Waiting time increases | E8: 7 | F8: Unresolved cases follow escalation rules | G8: Ownership and time limits are clear
A9: 8 | B9: Status is updated after service | C9: Updates may be duplicated across trackers | E9: 8 | F9: Daily KPI dashboard is reviewed | G9: Continuous improvement is supported

Sheet Validation Lists
A1: Status | B1: Priority | C1: Owner | D1: Process Area | E1: Risk Level
A2: Not Started | B2: Low | C2: Front Desk Lead | D2: Patient Registration | E2: Low
A3: In Progress | B3: Medium | C3: Records Officer | D3: Appointment Coordination | E3: Medium
A4: Completed | B4: High | C4: Billing Officer | D4: Insurance Review | E4: High
A5: On Hold | B5: Critical | C5: Outpatient Coordinator | D5: Medical Records | E5: Critical
A6: Pending Review | C6: Operations Supervisor | D6: Interdepartmental Coordination
A7: Closed | C7: Quality Coordinator | D7: Billing Coordination
