Workbook

Sheet Dashboard
A1: Healthcare Appointment Scheduling Dashboard
A2: Outpatient clinic coordination view for appointments, staff capacity, urgent changes, and communication follow-up
A4: Total Appointments | B4: Scheduled | C4: Completed | D4: Cancelled | E4: Rescheduled | F4: Urgent Cases | G4: Average Wait Minutes | H4: Open Conflicts
A5: =COUNTA('Appointment Scheduler'!A2:A200) -> 20 | B5: =COUNTIF('Appointment Scheduler'!K2:K200,"Scheduled") -> 8 | C5: =COUNTIF('Appointment Scheduler'!K2:K200,"Completed") -> 7 | D5: =COUNTIF('Appointment Scheduler'!K2:K200,"Cancelled") -> 1 | E5: =COUNTIF('Appointment Scheduler'!K2:K200,"Rescheduled") -> 2 | F5: =COUNTIF('Appointment Scheduler'!J2:J200,"Urgent") -> 4 | G5: =IFERROR(ROUND(AVERAGEIF('Appointment Scheduler'!K2:K200,"Completed",'Appointment Scheduler'!N2:N200),0),0) -> 12 | H5: =COUNTIF('Conflict Register'!I2:I100,"Open") -> 1
A7: Appointment Status | B7: Count | D7: Department | E7: Appointments | F7: Urgent | G7: Cancelled | H7: Open Slots
A8: Scheduled | B8: =COUNTIF('Appointment Scheduler'!$K$2:$K$200,A8) -> 8 | D8: General Consultation | E8: =COUNTIF('Appointment Scheduler'!$D$2:$D$200,D8) -> 4 | F8: =COUNTIFS('Appointment Scheduler'!$D$2:$D$200,D8,'Appointment Scheduler'!$J$2:$J$200,"Urgent") -> 0 | G8: =COUNTIFS('Appointment Scheduler'!$D$2:$D$200,D8,'Appointment Scheduler'!$K$2:$K$200,"Cancelled") -> 0 | H8: =SUMIF('Department Calendar'!$B$2:$B$100,D8,'Department Calendar'!$G$2:$G$100) -> 68
A9: Completed | B9: =COUNTIF('Appointment Scheduler'!$K$2:$K$200,A9) -> 7 | D9: Nursing | E9: =COUNTIF('Appointment Scheduler'!$D$2:$D$200,D9) -> 3 | F9: =COUNTIFS('Appointment Scheduler'!$D$2:$D$200,D9,'Appointment Scheduler'!$J$2:$J$200,"Urgent") -> 0 | G9: =COUNTIFS('Appointment Scheduler'!$D$2:$D$200,D9,'Appointment Scheduler'!$K$2:$K$200,"Cancelled") -> 0 | H9: =SUMIF('Department Calendar'!$B$2:$B$100,D9,'Department Calendar'!$G$2:$G$100) -> 45
A10: Cancelled | B10: =COUNTIF('Appointment Scheduler'!$K$2:$K$200,A10) -> 1 | D10: Radiology | E10: =COUNTIF('Appointment Scheduler'!$D$2:$D$200,D10) -> 4 | F10: =COUNTIFS('Appointment Scheduler'!$D$2:$D$200,D10,'Appointment Scheduler'!$J$2:$J$200,"Urgent") -> 2 | G10: =COUNTIFS('Appointment Scheduler'!$D$2:$D$200,D10,'Appointment Scheduler'!$K$2:$K$200,"Cancelled") -> 1 | H10: =SUMIF('Department Calendar'!$B$2:$B$100,D10,'Department Calendar'!$G$2:$G$100) -> 29
A11: Rescheduled | B11: =COUNTIF('Appointment Scheduler'!$K$2:$K$200,A11) -> 2 | D11: Laboratory | E11: =COUNTIF('Appointment Scheduler'!$D$2:$D$200,D11) -> 4 | F11: =COUNTIFS('Appointment Scheduler'!$D$2:$D$200,D11,'Appointment Scheduler'!$J$2:$J$200,"Urgent") -> 1 | G11: =COUNTIFS('Appointment Scheduler'!$D$2:$D$200,D11,'Appointment Scheduler'!$K$2:$K$200,"Cancelled") -> 0 | H11: =SUMIF('Department Calendar'!$B$2:$B$100,D11,'Department Calendar'!$G$2:$G$100) -> 52
A12: No Show | B12: =COUNTIF('Appointment Scheduler'!$K$2:$K$200,A12) -> 1 | D12: Billing and Insurance | E12: =COUNTIF('Appointment Scheduler'!$D$2:$D$200,D12) -> 3 | F12: =COUNTIFS('Appointment Scheduler'!$D$2:$D$200,D12,'Appointment Scheduler'!$J$2:$J$200,"Urgent") -> 1 | G12: =COUNTIFS('Appointment Scheduler'!$D$2:$D$200,D12,'Appointment Scheduler'!$K$2:$K$200,"Cancelled") -> 0 | H12: =SUMIF('Department Calendar'!$B$2:$B$100,D12,'Department Calendar'!$G$2:$G$100) -> 57
A13: Pending Approval | B13: =COUNTIF('Appointment Scheduler'!$K$2:$K$200,A13) -> 1 | D13: Pharmacy | E13: =COUNTIF('Appointment Scheduler'!$D$2:$D$200,D13) -> 2 | F13: =COUNTIFS('Appointment Scheduler'!$D$2:$D$200,D13,'Appointment Scheduler'!$J$2:$J$200,"Urgent") -> 0 | G13: =COUNTIFS('Appointment Scheduler'!$D$2:$D$200,D13,'Appointment Scheduler'!$K$2:$K$200,"Cancelled") -> 0 | H13: =SUMIF('Department Calendar'!$B$2:$B$100,D13,'Department Calendar'!$G$2:$G$100) -> 38
A16: Daily Coordination Priorities
A17: No. | B17: Priority Action | C17: Owner | D17: Time Target | E17: Status
A18: 1 | B18: Review urgent slots before opening | C18: Clinic Coordinator | D18: Before 08:30 | E18: Open
A19: 2 | B19: Check pending approvals and update patients | C19: Billing Coordinator | D19: By 10:00 | E19: Open
A20: 3 | B20: Call waitlist when cancellations are released | C20: Front Desk | D20: Within 15 minutes | E20: Monitoring
A21: 4 | B21: Share department schedule changes with leads | C21: Admin Coordinator | D21: As needed | E21: Open

Sheet Appointment Scheduler
A1: Appointment ID | B1: Patient ID | C1: Patient Name | D1: Department | E1: Staff Assigned | F1: Date | G1: Start Time | H1: End Time | I1: Appointment Type | J1: Priority | K1: Status | L1: Check-In Time | M1: Actual Start Time | N1: Wait Minutes | O1: Room | P1: Communication Status | Q1: Insurance Status | R1: Notes
A2: APT-001 | B2: PT-1001 | C2: Sara Ahmed | D2: General Consultation | E2: Dr. Hassan Ali | F2: 46188 | G2: 46188.375 | H2: 46188.389 | I2: New Visit | J2: Normal | K2: Completed | L2: 46188.369 | M2: 46188.378 | N2: =IF(AND(L2<>"",M2<>""),ROUND((M2-L2)*1440,0),"") -> 13 | O2: Room 101 | P2: Reminder Sent | Q2: Approved | R2: First visit, records verified
A3: APT-002 | B3: PT-1002 | C3: Mariam Khan | D3: Laboratory | E3: Lab Tech Noor | F3: 46188 | G3: 46188.396 | H3: 46188.406 | I3: Diagnostic | J3: Normal | K3: Completed | L3: 46188.389 | M3: 46188.397 | N3: =IF(AND(L3<>"",M3<>""),ROUND((M3-L3)*1440,0),"") -> 12 | O3: Lab 1 | P3: Reminder Sent | Q3: Approved | R3: Blood sample collection
A4: APT-003 | B4: PT-1003 | C4: Omar Nasser | D4: Radiology | E4: Tech Omar Saeed | F4: 46188 | G4: 46188.417 | H4: 46188.438 | I4: Diagnostic | J4: Urgent | K4: Completed | L4: 46188.408 | M4: 46188.415 | N4: =IF(AND(L4<>"",M4<>""),ROUND((M4-L4)*1440,0),"") -> 10 | O4: Radiology 2 | P4: Patient Notified | Q4: Approved | R4: Priority slot assigned
A5: APT-004 | B5: PT-1004 | C5: Layla Mansour | D5: Nursing | E5: Nurse Aisha Khan | F5: 46188 | G5: 46188.427 | H5: 46188.441 | I5: Procedure | J5: Normal | K5: Scheduled | N5: =IF(AND(L5<>"",M5<>""),ROUND((M5-L5)*1440,0),"") | O5: Room 204 | P5: Confirmation Sent | Q5: Not Required | R5: Wound dressing
A6: APT-005 | B6: PT-1005 | C6: Rania Saleh | D6: Billing and Insurance | E6: Amina Yusuf | F6: 46188 | G6: 46188.458 | H6: 46188.472 | I6: Consultation Review | J6: Normal | K6: Pending Approval | N6: =IF(AND(L6<>"",M6<>""),ROUND((M6-L6)*1440,0),"") | O6: Front Desk | P6: Pending | Q6: Pending | R6: Approval under review
A7: APT-006 | B7: PT-1006 | C7: Hamad Al Zarooni | D7: Pharmacy | E7: Pharmacist Lina | F7: 46188 | G7: 46188.479 | H7: 46188.49 | I7: Prescription Review | J7: Normal | K7: Scheduled | N7: =IF(AND(L7<>"",M7<>""),ROUND((M7-L7)*1440,0),"") | O7: Pharmacy Counter | P7: Confirmation Sent | Q7: Approved | R7: Medication counselling
A8: APT-007 | B8: PT-1007 | C8: Nour Ibrahim | D8: General Consultation | E8: Dr. Hassan Ali | F8: 46188 | G8: 46188.5 | H8: 46188.514 | I8: Follow-up | J8: Normal | K8: Rescheduled | N8: =IF(AND(L8<>"",M8<>""),ROUND((M8-L8)*1440,0),"") | O8: Room 101 | P8: Patient Notified | Q8: Approved | R8: Moved to next available slot
A9: APT-008 | B9: PT-1008 | C9: Yusuf Kareem | D9: Laboratory | E9: Lab Tech Noor | F9: 46188 | G9: 46188.542 | H9: 46188.552 | I9: Diagnostic | J9: Urgent | K9: Scheduled | N9: =IF(AND(L9<>"",M9<>""),ROUND((M9-L9)*1440,0),"") | O9: Lab 1 | P9: Confirmation Sent | Q9: Approved | R9: Same-day test request
A10: APT-009 | B10: PT-1009 | C10: Fatima Saeed | D10: Radiology | E10: Tech Omar Saeed | F10: 46188 | G10: 46188.583 | H10: 46188.604 | I10: Diagnostic | J10: Normal | K10: Cancelled | N10: =IF(AND(L10<>"",M10<>""),ROUND((M10-L10)*1440,0),"") | O10: Radiology 1 | P10: Patient Notified | Q10: Approved | R10: Patient cancellation
A11: APT-010 | B11: PT-1010 | C11: Zainab Ali | D11: Nursing | E11: Nurse Aisha Khan | F11: 46188 | G11: 46188.615 | H11: 46188.625 | I11: Procedure | J11: Normal | K11: Completed | L11: 46188.608 | M11: 46188.616 | N11: =IF(AND(L11<>"",M11<>""),ROUND((M11-L11)*1440,0),"") -> 11 | O11: Room 204 | P11: Reminder Sent | Q11: Not Required | R11: Injection appointment
A12: APT-011 | B12: PT-1011 | C12: Khalid Musa | D12: General Consultation | E12: Dr. Farah Nabil | F12: 46189 | G12: 46189.375 | H12: 46189.389 | I12: New Visit | J12: Normal | K12: Scheduled | N12: =IF(AND(L12<>"",M12<>""),ROUND((M12-L12)*1440,0),"") | O12: Room 102 | P12: Confirmation Sent | Q12: Approved | R12: New patient registration complete
A13: APT-012 | B13: PT-1012 | C13: Aisha Rahman | D13: Laboratory | E13: Lab Tech Noor | F13: 46189 | G13: 46189.389 | H13: 46189.399 | I13: Diagnostic | J13: Normal | K13: Completed | L13: 46189.383 | M13: 46189.392 | N13: =IF(AND(L13<>"",M13<>""),ROUND((M13-L13)*1440,0),"") -> 13 | O13: Lab 2 | P13: Reminder Sent | Q13: Approved | R13: Fasting sample
A14: APT-013 | B14: PT-1013 | C14: Salma Hassan | D14: Billing and Insurance | E14: Amina Yusuf | F14: 46189 | G14: 46189.417 | H14: 46189.431 | I14: Consultation Review | J14: Normal | K14: Completed | L14: 46189.41 | M14: 46189.42 | N14: =IF(AND(L14<>"",M14<>""),ROUND((M14-L14)*1440,0),"") -> 15 | O14: Front Desk | P14: Patient Notified | Q14: Approved | R14: Insurance approval confirmed
A15: APT-014 | B15: PT-1014 | C15: Ibrahim Tariq | D15: Radiology | E15: Tech Omar Saeed | F15: 46189 | G15: 46189.438 | H15: 46189.458 | I15: Diagnostic | J15: Urgent | K15: Scheduled | N15: =IF(AND(L15<>"",M15<>""),ROUND((M15-L15)*1440,0),"") | O15: Radiology 1 | P15: Confirmation Sent | Q15: Approved | R15: Doctor requested urgent scan
A16: APT-015 | B16: PT-1015 | C16: Mona Adel | D16: Pharmacy | E16: Pharmacist Lina | F16: 46189 | G16: 46189.465 | H16: 46189.476 | I16: Prescription Review | J16: Normal | K16: No Show | N16: =IF(AND(L16<>"",M16<>""),ROUND((M16-L16)*1440,0),"") | O16: Pharmacy Counter | P16: Reminder Sent | Q16: Approved | R16: No arrival by cut-off time
A17: APT-016 | B17: PT-1016 | C17: Bilal Haddad | D17: Nursing | E17: Nurse Aisha Khan | F17: 46189 | G17: 46189.521 | H17: 46189.535 | I17: Procedure | J17: Normal | K17: Scheduled | N17: =IF(AND(L17<>"",M17<>""),ROUND((M17-L17)*1440,0),"") | O17: Room 205 | P17: Confirmation Sent | Q17: Not Required | R17: Vitals and injection
A18: APT-017 | B18: PT-1017 | C18: Huda Salem | D18: General Consultation | E18: Dr. Farah Nabil | F18: 46189 | G18: 46189.542 | H18: 46189.556 | I18: Follow-up | J18: Normal | K18: Completed | L18: 46189.536 | M18: 46189.545 | N18: =IF(AND(L18<>"",M18<>""),ROUND((M18-L18)*1440,0),"") -> 13 | O18: Room 102 | P18: Reminder Sent | Q18: Approved | R18: Follow-up review
A19: APT-018 | B19: PT-1018 | C19: Nadia Abbas | D19: Laboratory | E19: Lab Tech Noor | F19: 46189 | G19: 46189.573 | H19: 46189.583 | I19: Diagnostic | J19: Normal | K19: Rescheduled | N19: =IF(AND(L19<>"",M19<>""),ROUND((M19-L19)*1440,0),"") | O19: Lab 1 | P19: Patient Notified | Q19: Pending | R19: Approval pending
A20: APT-019 | B20: PT-1019 | C20: Tariq Mahdi | D20: Radiology | E20: Tech Omar Saeed | F20: 46189 | G20: 46189.594 | H20: 46189.615 | I20: Diagnostic | J20: Normal | K20: Scheduled | N20: =IF(AND(L20<>"",M20<>""),ROUND((M20-L20)*1440,0),"") | O20: Radiology 2 | P20: Confirmation Sent | Q20: Approved | R20: Ultrasound appointment
A21: APT-020 | B21: PT-1020 | C21: Reem Yasin | D21: Billing and Insurance | E21: Amina Yusuf | F21: 46189 | G21: 46189.625 | H21: 46189.635 | I21: Consultation Review | J21: Urgent | K21: Scheduled | N21: =IF(AND(L21<>"",M21<>""),ROUND((M21-L21)*1440,0),"") | O21: Front Desk | P21: Department Notified | Q21: Pending | R21: Same-day approval request

Sheet Staff Schedule
A1: Staff ID | B1: Staff Name | C1: Department | D1: Role | E1: Work Date | F1: Shift Start | G1: Shift End | H1: Capacity | I1: Booked Appointments | J1: Remaining Capacity | K1: Availability Status | L1: Notes
A2: STF-001 | B2: Dr. Hassan Ali | C2: General Consultation | D2: Physician | E2: 46188 | F2: 46188.354 | G2: 46188.688 | H2: 18 | I2: =COUNTIFS('Appointment Scheduler'!$E$2:$E$200,B2,'Appointment Scheduler'!$F$2:$F$200,E2,'Appointment Scheduler'!$K$2:$K$200,"<>Cancelled") -> 2 | J2: =MAX(H2-I2,0) -> 16 | K2: =IF(J2=0,"Full",IF(J2<=3,"Limited","Available")) -> Available | L2: Morning and afternoon consults
A3: STF-002 | B3: Dr. Farah Nabil | C3: General Consultation | D3: Physician | E3: 46189 | F3: 46189.354 | G3: 46189.688 | H3: 18 | I3: =COUNTIFS('Appointment Scheduler'!$E$2:$E$200,B3,'Appointment Scheduler'!$F$2:$F$200,E3,'Appointment Scheduler'!$K$2:$K$200,"<>Cancelled") -> 2 | J3: =MAX(H3-I3,0) -> 16 | K3: =IF(J3=0,"Full",IF(J3<=3,"Limited","Available")) -> Available | L3: Follow-ups and new visits
A4: STF-003 | B4: Nurse Aisha Khan | C4: Nursing | D4: Nurse | E4: 46188 | F4: 46188.333 | G4: 46188.667 | H4: 24 | I4: =COUNTIFS('Appointment Scheduler'!$E$2:$E$200,B4,'Appointment Scheduler'!$F$2:$F$200,E4,'Appointment Scheduler'!$K$2:$K$200,"<>Cancelled") -> 2 | J4: =MAX(H4-I4,0) -> 22 | K4: =IF(J4=0,"Full",IF(J4<=3,"Limited","Available")) -> Available | L4: Nursing procedures
A5: STF-004 | B5: Nurse Aisha Khan | C5: Nursing | D5: Nurse | E5: 46189 | F5: 46189.333 | G5: 46189.667 | H5: 24 | I5: =COUNTIFS('Appointment Scheduler'!$E$2:$E$200,B5,'Appointment Scheduler'!$F$2:$F$200,E5,'Appointment Scheduler'!$K$2:$K$200,"<>Cancelled") -> 1 | J5: =MAX(H5-I5,0) -> 23 | K5: =IF(J5=0,"Full",IF(J5<=3,"Limited","Available")) -> Available | L5: Vitals and injections
A6: STF-005 | B6: Tech Omar Saeed | C6: Radiology | D6: Radiology Technician | E6: 46188 | F6: 46188.375 | G6: 46188.708 | H6: 16 | I6: =COUNTIFS('Appointment Scheduler'!$E$2:$E$200,B6,'Appointment Scheduler'!$F$2:$F$200,E6,'Appointment Scheduler'!$K$2:$K$200,"<>Cancelled") -> 1 | J6: =MAX(H6-I6,0) -> 15 | K6: =IF(J6=0,"Full",IF(J6<=3,"Limited","Available")) -> Available | L6: Diagnostic imaging
A7: STF-006 | B7: Tech Omar Saeed | C7: Radiology | D7: Radiology Technician | E7: 46189 | F7: 46189.375 | G7: 46189.708 | H7: 16 | I7: =COUNTIFS('Appointment Scheduler'!$E$2:$E$200,B7,'Appointment Scheduler'!$F$2:$F$200,E7,'Appointment Scheduler'!$K$2:$K$200,"<>Cancelled") -> 2 | J7: =MAX(H7-I7,0) -> 14 | K7: =IF(J7=0,"Full",IF(J7<=3,"Limited","Available")) -> Available | L7: Urgent scan reserve
A8: STF-007 | B8: Lab Tech Noor | C8: Laboratory | D8: Lab Technician | E8: 46188 | F8: 46188.333 | G8: 46188.625 | H8: 28 | I8: =COUNTIFS('Appointment Scheduler'!$E$2:$E$200,B8,'Appointment Scheduler'!$F$2:$F$200,E8,'Appointment Scheduler'!$K$2:$K$200,"<>Cancelled") -> 2 | J8: =MAX(H8-I8,0) -> 26 | K8: =IF(J8=0,"Full",IF(J8<=3,"Limited","Available")) -> Available | L8: Sample collection
A9: STF-008 | B9: Lab Tech Noor | C9: Laboratory | D9: Lab Technician | E9: 46189 | F9: 46189.333 | G9: 46189.625 | H9: 28 | I9: =COUNTIFS('Appointment Scheduler'!$E$2:$E$200,B9,'Appointment Scheduler'!$F$2:$F$200,E9,'Appointment Scheduler'!$K$2:$K$200,"<>Cancelled") -> 2 | J9: =MAX(H9-I9,0) -> 26 | K9: =IF(J9=0,"Full",IF(J9<=3,"Limited","Available")) -> Available | L9: Sample processing
A10: STF-009 | B10: Amina Yusuf | C10: Billing and Insurance | D10: Coordinator | E10: 46188 | F10: 46188.354 | G10: 46188.688 | H10: 30 | I10: =COUNTIFS('Appointment Scheduler'!$E$2:$E$200,B10,'Appointment Scheduler'!$F$2:$F$200,E10,'Appointment Scheduler'!$K$2:$K$200,"<>Cancelled") -> 1 | J10: =MAX(H10-I10,0) -> 29 | K10: =IF(J10=0,"Full",IF(J10<=3,"Limited","Available")) -> Available | L10: Approvals and billing
A11: STF-010 | B11: Pharmacist Lina | C11: Pharmacy | D11: Pharmacist | E11: 46188 | F11: 46188.375 | G11: 46188.708 | H11: 20 | I11: =COUNTIFS('Appointment Scheduler'!$E$2:$E$200,B11,'Appointment Scheduler'!$F$2:$F$200,E11,'Appointment Scheduler'!$K$2:$K$200,"<>Cancelled") -> 1 | J11: =MAX(H11-I11,0) -> 19 | K11: =IF(J11=0,"Full",IF(J11<=3,"Limited","Available")) -> Available | L11: Medication counselling

Sheet Department Calendar
A1: Date | B1: Department | C1: Session Block | D1: Lead Staff | E1: Capacity | F1: Booked | G1: Open Slots | H1: High Priority Slots | I1: Coordination Notes
A2: 46188 | B2: General Consultation | C2: Morning and Afternoon | D2: Clinic Coordinator | E2: 36 | F2: =COUNTIFS('Appointment Scheduler'!$D$2:$D$200,B2,'Appointment Scheduler'!$F$2:$F$200,A2,'Appointment Scheduler'!$K$2:$K$200,"<>Cancelled") -> 2 | G2: =MAX(E2-F2,0) -> 34 | H2: 4 | I2: Daily schedule reviewed before opening
A3: 46188 | B3: Nursing | C3: Morning and Afternoon | D3: Nursing Lead | E3: 24 | F3: =COUNTIFS('Appointment Scheduler'!$D$2:$D$200,B3,'Appointment Scheduler'!$F$2:$F$200,A3,'Appointment Scheduler'!$K$2:$K$200,"<>Cancelled") -> 2 | G3: =MAX(E3-F3,0) -> 22 | H3: 2 | I3: Daily schedule reviewed before opening
A4: 46188 | B4: Radiology | C4: Morning and Afternoon | D4: Radiology Coordinator | E4: 16 | F4: =COUNTIFS('Appointment Scheduler'!$D$2:$D$200,B4,'Appointment Scheduler'!$F$2:$F$200,A4,'Appointment Scheduler'!$K$2:$K$200,"<>Cancelled") -> 1 | G4: =MAX(E4-F4,0) -> 15 | H4: 3 | I4: Daily schedule reviewed before opening
A5: 46188 | B5: Laboratory | C5: Morning and Afternoon | D5: Lab Supervisor | E5: 28 | F5: =COUNTIFS('Appointment Scheduler'!$D$2:$D$200,B5,'Appointment Scheduler'!$F$2:$F$200,A5,'Appointment Scheduler'!$K$2:$K$200,"<>Cancelled") -> 2 | G5: =MAX(E5-F5,0) -> 26 | H5: 3 | I5: Daily schedule reviewed before opening
A6: 46188 | B6: Billing and Insurance | C6: Morning and Afternoon | D6: Front Office Lead | E6: 30 | F6: =COUNTIFS('Appointment Scheduler'!$D$2:$D$200,B6,'Appointment Scheduler'!$F$2:$F$200,A6,'Appointment Scheduler'!$K$2:$K$200,"<>Cancelled") -> 1 | G6: =MAX(E6-F6,0) -> 29 | H6: 2 | I6: Daily schedule reviewed before opening
A7: 46188 | B7: Pharmacy | C7: Morning and Afternoon | D7: Pharmacy Lead | E7: 20 | F7: =COUNTIFS('Appointment Scheduler'!$D$2:$D$200,B7,'Appointment Scheduler'!$F$2:$F$200,A7,'Appointment Scheduler'!$K$2:$K$200,"<>Cancelled") -> 1 | G7: =MAX(E7-F7,0) -> 19 | H7: 1 | I7: Daily schedule reviewed before opening
A8: 46189 | B8: General Consultation | C8: Morning and Afternoon | D8: Clinic Coordinator | E8: 36 | F8: =COUNTIFS('Appointment Scheduler'!$D$2:$D$200,B8,'Appointment Scheduler'!$F$2:$F$200,A8,'Appointment Scheduler'!$K$2:$K$200,"<>Cancelled") -> 2 | G8: =MAX(E8-F8,0) -> 34 | H8: 4 | I8: Daily schedule reviewed before opening
A9: 46189 | B9: Nursing | C9: Morning and Afternoon | D9: Nursing Lead | E9: 24 | F9: =COUNTIFS('Appointment Scheduler'!$D$2:$D$200,B9,'Appointment Scheduler'!$F$2:$F$200,A9,'Appointment Scheduler'!$K$2:$K$200,"<>Cancelled") -> 1 | G9: =MAX(E9-F9,0) -> 23 | H9: 2 | I9: Daily schedule reviewed before opening
A10: 46189 | B10: Radiology | C10: Morning and Afternoon | D10: Radiology Coordinator | E10: 16 | F10: =COUNTIFS('Appointment Scheduler'!$D$2:$D$200,B10,'Appointment Scheduler'!$F$2:$F$200,A10,'Appointment Scheduler'!$K$2:$K$200,"<>Cancelled") -> 2 | G10: =MAX(E10-F10,0) -> 14 | H10: 3 | I10: Daily schedule reviewed before opening
A11: 46189 | B11: Laboratory | C11: Morning and Afternoon | D11: Lab Supervisor | E11: 28 | F11: =COUNTIFS('Appointment Scheduler'!$D$2:$D$200,B11,'Appointment Scheduler'!$F$2:$F$200,A11,'Appointment Scheduler'!$K$2:$K$200,"<>Cancelled") -> 2 | G11: =MAX(E11-F11,0) -> 26 | H11: 3 | I11: Daily schedule reviewed before opening
A12: 46189 | B12: Billing and Insurance | C12: Morning and Afternoon | D12: Front Office Lead | E12: 30 | F12: =COUNTIFS('Appointment Scheduler'!$D$2:$D$200,B12,'Appointment Scheduler'!$F$2:$F$200,A12,'Appointment Scheduler'!$K$2:$K$200,"<>Cancelled") -> 2 | G12: =MAX(E12-F12,0) -> 28 | H12: 2 | I12: Daily schedule reviewed before opening
A13: 46189 | B13: Pharmacy | C13: Morning and Afternoon | D13: Pharmacy Lead | E13: 20 | F13: =COUNTIFS('Appointment Scheduler'!$D$2:$D$200,B13,'Appointment Scheduler'!$F$2:$F$200,A13,'Appointment Scheduler'!$K$2:$K$200,"<>Cancelled") -> 1 | G13: =MAX(E13-F13,0) -> 19 | H13: 1 | I13: Daily schedule reviewed before opening

Sheet Change Tracker
A1: Change ID | B1: Appointment ID | C1: Patient Name | D1: Request Type | E1: Original Date | F1: Original Time | G1: New Date | H1: New Time | I1: Reason | J1: Action Taken | K1: Patient Notified | L1: Department Notified | M1: Owner | N1: Status
A2: CHG-001 | B2: APT-007 | C2: Nour Ibrahim | D2: Reschedule | E2: 46188 | F2: 46188.5 | G2: 46189 | H2: 46189.458 | I2: Patient requested later slot | J2: Moved to available physician slot | K2: Yes | L2: Yes | M2: Admin Coordinator | N2: Resolved
A3: CHG-002 | B3: APT-009 | C3: Fatima Saeed | D3: Cancellation | E3: 46188 | F3: 46188.583 | I3: Patient unavailable | J3: Slot released to waitlist | K3: Yes | L3: Yes | M3: Front Desk | N3: Resolved
A4: CHG-003 | B4: APT-014 | C4: Ibrahim Tariq | D4: Urgent Change | E4: 46189 | F4: 46189.438 | G4: 46189 | H4: 46189.424 | I4: Doctor priority request | J4: Urgent imaging slot assigned | K4: Yes | L4: Yes | M4: Radiology Coordinator | N4: Open
A5: CHG-004 | B5: APT-018 | C5: Nadia Abbas | D5: Reschedule | E5: 46189 | F5: 46189.573 | G5: 46190 | H5: 46190.396 | I5: Insurance approval pending | J5: New slot held pending approval | K5: Yes | L5: Yes | M5: Billing Coordinator | N5: Monitoring

Sheet Waitlist Urgent Slots
A1: Waitlist ID | B1: Patient ID | C1: Patient Name | D1: Department | E1: Priority | F1: Preferred Date | G1: Preferred Time | H1: Contact Status | I1: Offer Status | J1: Next Action | K1: Owner | L1: Notes
A2: W-001 | B2: PT-1031 | C2: Amal Rashid | D2: Radiology | E2: Urgent | F2: 46188 | G2: 46188.646 | H2: Reached | I2: Slot Offered | J2: Confirm attendance | K2: Radiology Coordinator | L2: Released cancellation slot
A3: W-002 | B3: PT-1032 | C3: Samir Qasim | D3: General Consultation | E3: Normal | F3: 46189 | G3: 46189.5 | H3: Pending | I3: Waiting | J3: Call before 11:00 | K3: Front Desk | L3: Prefers afternoon
A4: W-003 | B4: PT-1033 | C4: Hana Fares | D4: Laboratory | E4: Urgent | F4: 46189 | G4: 46189.365 | H4: Reached | I4: Accepted | J4: Send reminder | K4: Lab Supervisor | L4: Fasting test required
A5: W-004 | B5: PT-1034 | C5: Yara Khalil | D5: Nursing | E5: Normal | F5: 46190 | G5: 46190.427 | H5: Pending | I5: Waiting | J5: Review next open slot | K5: Nursing Lead | L5: Procedure appointment

Sheet Communication Log
A1: Message ID | B1: Appointment ID | C1: Recipient | D1: Channel | E1: Trigger | F1: Date Sent | G1: Time Sent | H1: Sent By | I1: Delivery Status | J1: Follow-up Required | K1: Notes
A2: MSG-001 | B2: APT-001 | C2: Sara Ahmed | D2: SMS | E2: 24-hour reminder | F2: 46187 | G2: 46187.375 | H2: Front Desk | I2: Delivered | J2: No | K2: Reminder sent
A3: MSG-002 | B3: APT-007 | C3: Nour Ibrahim | D3: Phone | E3: Reschedule confirmation | F3: 46188 | G3: 46188.448 | H3: Admin Coordinator | I3: Completed | J3: No | K3: Patient accepted new slot
A4: MSG-003 | B4: APT-014 | C4: Radiology Team | D4: Internal Update | E4: Urgent appointment alert | F4: 46189 | G4: 46189.354 | H4: Clinic Coordinator | I4: Delivered | J4: Yes | K4: Confirm imaging room readiness
A5: MSG-004 | B5: APT-018 | C5: Nadia Abbas | D5: Email | E5: Approval pending notice | F5: 46189 | G5: 46189.382 | H5: Billing Coordinator | I5: Sent | J5: Yes | K5: Follow up on approval
A6: MSG-005 | B6: APT-020 | C6: Billing Team | D6: Internal Update | E6: Same-day approval request | F6: 46189 | G6: 46189.392 | H6: Front Desk | I6: Delivered | J6: Yes | K6: Urgent approval request

Sheet Conflict Register
A1: Conflict ID | B1: Conflict Type | C1: Related Appointment | D1: Detected By | E1: Impact | F1: Resolution Rule | G1: Escalation Owner | H1: Target Resolution Time | I1: Status | J1: Notes
A2: CON-001 | B2: Double-booking risk | C2: APT-014 | D2: Scheduler check | E2: Radiology slot overlap | F2: Use urgent slot reserve or move lower priority booking | G2: Radiology Coordinator | H2: 30 minutes | I2: Open | J2: Review room availability
A3: CON-002 | B3: Staff unavailable | C3: APT-007 | D3: Daily review | E3: Physician schedule conflict | F3: Reassign to available physician or offer next slot | G3: Clinic Coordinator | H3: 1 hour | I3: Resolved | J3: Patient moved to Dr. Farah
A4: CON-003 | B4: Insurance pending | C4: APT-018 | D4: Billing review | E4: Appointment may be delayed | F4: Hold slot as pending and update patient | G4: Billing Coordinator | H4: Same day | I4: Monitoring | J4: Awaiting payer response
A5: CON-004 | B5: Patient cancellation | C5: APT-009 | D5: Front desk | E5: Open slot created | F5: Offer slot to urgent waitlist first | G5: Front Desk | H5: 15 minutes | I5: Resolved | J5: Waitlist contacted

Sheet Process Flow
A1: Step | B1: Process Activity | C1: Responsible Role | D1: Control Point | E1: Output
A2: 1 | B2: Receive appointment request | C2: Front Desk | D2: Confirm patient identity | E2: Request logged
A3: 2 | B3: Check patient record and appointment type | C3: Admin Coordinator | D3: Verify patient ID and required documents | E3: Correct appointment category
A4: 3 | B4: Select department and staff | C4: Clinic Coordinator | D4: Match request to department capacity | E4: Department selected
A5: 4 | B5: Check available slot | C5: Scheduler Owner | D5: Avoid double-booking and capacity conflicts | E5: Available time slot
A6: 5 | B6: Confirm appointment | C6: Front Desk | D6: Record date, time, staff, room, and status | E6: Confirmation sent
A7: 6 | B7: Send reminder | C7: Front Desk | D7: Send reminder before visit | E7: Patient reminded
A8: 7 | B8: Coordinate daily schedule | C8: Department Leads | D8: Review open issues and urgent cases | E8: Departments prepared
A9: 8 | B9: Manage change or cancellation | C9: Admin Coordinator | D9: Apply resolution rule and notify parties | E9: Updated schedule
A10: 9 | B10: Update final status | C10: Front Desk | D10: Mark completed, no show, cancelled, or rescheduled | E10: Accurate record
A11: 10 | B11: Review dashboard and gaps | C11: Clinic Coordinator | D11: Check waiting time, capacity, and unresolved conflicts | E11: Action plan

Sheet Validation Lists
A1: Department | B1: Status | C1: Priority | D1: Appointment Type | E1: Communication Status | F1: Insurance Status | G1: Request Type | H1: Resolution Status | I1: Channel
A2: General Consultation | B2: Scheduled | C2: Normal | D2: New Visit | E2: Confirmation Sent | F2: Approved | G2: Reschedule | H2: Open | I2: Phone
A3: Nursing | B3: Completed | C3: Urgent | D3: Follow-up | E3: Reminder Sent | F3: Pending | G3: Cancellation | H3: Resolved | I3: SMS
A4: Radiology | B4: Cancelled | D4: Procedure | E4: Patient Notified | F4: Self-Pay | G4: Urgent Change | H4: Escalated | I4: Email
A5: Laboratory | B5: Rescheduled | D5: Diagnostic | E5: Department Notified | F5: Not Required | G5: Staff Unavailable | H5: Monitoring | I5: WhatsApp
A6: Billing and Insurance | B6: No Show | D6: Consultation Review | E6: Pending | G6: Department Delay | I6: Internal Update
A7: Pharmacy | B7: Pending Approval | D7: Prescription Review
