Workbook

Sheet Dashboard
A1: Healthcare Communication Coordination Dashboard
A2: Interdepartmental issue tracking, escalation monitoring, and daily communication performance
A4: Key Metrics
A5: Open Items | C5: Resolved Items | E5: Escalated Items | G5: Avg Resolution Minutes | I5: Patient Updates Sent
A6: =COUNTIF('Issue Resolution Log'!G2:G12,"Open")+COUNTIF('Issue Resolution Log'!G2:G12,"In Progress") -> 5 | C6: =COUNTIF('Issue Resolution Log'!G2:G12,"Resolved") -> 2 | E6: =COUNTIF('Issue Resolution Log'!J2:J12,"Yes") -> 3 | G6: =ROUND(AVERAGE('Issue Resolution Log'!I2:I12),0) -> 28 | I6: =COUNTIF('Patient Update Log'!F2:F13,"Sent") -> 5
A10: Status | B10: Count | D10: Department | E10: Open Items | G10: Issue Type | H10: Count
A11: Open | B11: =COUNTIF('Issue Resolution Log'!G2:G12,A11) -> 3 | D11: Front Desk | E11: =COUNTIFS('Issue Resolution Log'!D2:D12,D11,'Issue Resolution Log'!G2:G12,"<>Resolved") -> 1 | G11: Appointment Error | H11: =COUNTIF('Issue Resolution Log'!C2:C12,G11) -> 2
A12: In Progress | B12: =COUNTIF('Issue Resolution Log'!G2:G12,A12) -> 2 | D12: Outpatient Services | E12: =COUNTIFS('Issue Resolution Log'!D2:D12,D12,'Issue Resolution Log'!G2:G12,"<>Resolved") -> 1 | G12: Missing Approval | H12: =COUNTIF('Issue Resolution Log'!C2:C12,G12) -> 2
A13: Resolved | B13: =COUNTIF('Issue Resolution Log'!G2:G12,A13) -> 2 | D13: Medical Records | E13: =COUNTIFS('Issue Resolution Log'!D2:D12,D13,'Issue Resolution Log'!G2:G12,"<>Resolved") -> 1 | G13: Record Mismatch | H13: =COUNTIF('Issue Resolution Log'!C2:C12,G13) -> 1
A14: Escalated | B14: =COUNTIF('Issue Resolution Log'!G2:G12,A14) -> 1 | D14: Billing and Insurance | E14: =COUNTIFS('Issue Resolution Log'!D2:D12,D14,'Issue Resolution Log'!G2:G12,"<>Resolved") -> 1 | G14: Staff Availability | H14: =COUNTIF('Issue Resolution Log'!C2:C12,G14) -> 1
A15: Overdue | B15: =COUNTIF('Issue Resolution Log'!G2:G12,A15) -> 0 | D15: Nursing | E15: =COUNTIFS('Issue Resolution Log'!D2:D12,D15,'Issue Resolution Log'!G2:G12,"<>Resolved") -> 0 | G15: Patient Complaint | H15: =COUNTIF('Issue Resolution Log'!C2:C12,G15) -> 1
D16: Doctor Office | E16: =COUNTIFS('Issue Resolution Log'!D2:D12,D16,'Issue Resolution Log'!G2:G12,"<>Resolved") -> 1 | G16: Referral Update | H16: =COUNTIF('Issue Resolution Log'!C2:C12,G16) -> 1
D17: Administration | E17: =COUNTIFS('Issue Resolution Log'!D2:D12,D17,'Issue Resolution Log'!G2:G12,"<>Resolved") -> 1

Sheet Department Contacts
A1: Department Communication Contacts
A2: Key contacts for daily coordination and escalation
A4: Department | B4: Primary Role | C4: Primary Contact | D4: Backup Contact | E4: Communication Channel | F4: Response Target
A5: Front Desk | B5: Patient reception and first-level triage | C5: Front Desk Lead | D5: Reception Coordinator | E5: Phone / Shared Tracker | F5: 5 minutes
A6: Outpatient Services | B6: Appointment verification and doctor availability | C6: Outpatient Coordinator | D6: Clinic Coordinator | E6: Phone / Internal Email | F6: 10 minutes
A7: Medical Records | B7: Patient file verification and record correction | C7: Records Officer | D7: Records Supervisor | E7: Shared Tracker / Internal Email | F7: 15 minutes
A8: Billing and Insurance | B8: Approval checks and payment documentation | C8: Billing Officer | D8: Insurance Lead | E8: Internal Email / Phone | F8: 20 minutes
A9: Nursing | B9: Patient preparation and clinical readiness | C9: Charge Nurse | D9: Nursing Coordinator | E9: Secure Messaging / Phone | F9: 10 minutes
A10: Doctor Office | B10: Clinical decision and appointment confirmation | C10: Doctor Secretary | D10: Clinical Coordinator | E10: Phone / Internal Email | F10: 10 minutes
A11: Administration | B11: Escalation decisions and service recovery | C11: Administration Supervisor | D11: Operations Coordinator | E11: Phone / Incident Log | F11: Immediate

Sheet Communication Tracker
A1: Daily Communication Tracker
A2: Editable tracker for department updates, issue ownership, and follow-up status
A4: Date | B4: Time | C4: Case ID | D4: Patient ID | E4: Source Department | F4: Receiving Department | G4: Issue Summary | H4: Priority | I4: Channel | J4: Owner | K4: Due Time | L4: Status | M4: Last Update | N4: Next Action
A5: 46188 | B5: 09:05 | C5: COM-001 | D5: PT-1042 | E5: Front Desk | F5: Outpatient Services | G5: Appointment department mismatch | H5: High | I5: Phone | J5: Outpatient Coordinator | K5: 09:20 | L5: In Progress | M5: Doctor office contacted | N5: Confirm doctor availability
A6: 46188 | B6: 09:15 | C6: COM-002 | D6: PT-1187 | E6: Billing and Insurance | F6: Front Desk | G6: Approval pending for consultation | H6: Medium | I6: Internal Email | J6: Billing Officer | K6: 09:35 | L6: Open | M6: Insurance status requested | N6: Update patient
A7: 46188 | B7: 10:10 | C7: COM-003 | D7: PT-1120 | E7: Medical Records | F7: Nursing | G7: File update needed before vitals | H7: Medium | I7: Shared Tracker | J7: Records Officer | K7: 10:25 | L7: Resolved | M7: Record corrected | N7: No further action
A8: 46188 | B8: 11:00 | C8: COM-004 | D8: PT-1214 | E8: Outpatient Services | F8: Doctor Office | G8: Doctor schedule change | H8: High | I8: Phone | J8: Clinic Coordinator | K8: 11:10 | L8: Escalated | M8: Supervisor notified | N8: Offer revised slot
A9: 46188 | B9: 12:20 | C9: COM-005 | D9: PT-1299 | E9: Front Desk | F9: Patient Relations | G9: Patient waiting time concern | H9: High | I9: Phone | J9: Patient Relations Officer | K9: 12:25 | L9: In Progress | M9: Patient updated | N9: Monitor waiting time
A10: 46188 | B10: 13:05 | C10: COM-006 | D10: PT-1310 | E10: Nursing | F10: Billing and Insurance | G10: Procedure approval required | H10: Medium | I10: Secure Messaging | J10: Insurance Lead | K10: 13:25 | L10: Resolved | M10: Approval confirmed | N10: Proceed with visit
A11: 46188 | B11: 14:10 | C11: COM-007 | D11: PT-1365 | E11: Doctor Office | F11: Medical Records | G11: Referral document missing | H11: Medium | I11: Internal Email | J11: Records Supervisor | K11: 14:30 | L11: Open | M11: Referral requested | N11: Upload document
A12: 46188 | B12: 15:00 | C12: COM-008 | D12: PT-1402 | E12: Administration | F12: Front Desk | G12: End-of-day unresolved case review | H12: Low | I12: Shared Tracker | J12: Administration Supervisor | K12: 16:00 | L12: Open | M12: Pending closure | N12: Review tracker

Sheet Escalation Matrix
A1: Escalation Matrix
A2: Decision rules for urgent communication and unresolved issues
A4: Issue Category | B4: First Contact | C4: Escalation Contact | D4: Response Target | E4: Escalation Trigger | F4: Required Documentation
A5: Appointment Error | B5: Outpatient Coordinator | C5: Administration Supervisor | D5: 15 minutes | E5: No slot confirmation within target time | F5: Tracker note and revised appointment record
A6: Missing Approval | B6: Billing Officer | C6: Insurance Lead | D6: 20 minutes | E6: Approval not found or policy requires review | F6: Approval request, payer notes, patient update log
A7: Record Mismatch | B7: Records Officer | C7: Records Supervisor | D7: 15 minutes | E7: Patient identifiers do not match | F7: Record correction note and audit trail
A8: Staff Availability | B8: Clinic Coordinator | C8: Operations Coordinator | D8: 10 minutes | E8: Provider unavailable or department delayed | F8: Reassignment note and patient notification
A9: Patient Complaint | B9: Front Desk Lead | C9: Patient Relations Officer | D9: Immediate | E9: Patient dissatisfaction or service concern | F9: Complaint note and service recovery action
A10: Urgent Clinical Concern | B10: Charge Nurse | C10: Clinical Coordinator | D10: Immediate | E10: Patient condition requires prompt clinical review | F10: Clinical handover and time-stamped communication

Sheet Issue Resolution Log
A1: Issue Resolution Log
A2: Case log for communication gaps, corrective actions, and completion evidence
A4: Date | B4: Case ID | C4: Issue Type | D4: Responsible Department | E4: Priority | F4: Root Cause | G4: Status | H4: Opened Time | I4: Resolution Minutes | J4: Escalation Required | K4: Confidentiality Review | L4: Resolution Summary
A5: 46188 | B5: CASE-001 | C5: Appointment Error | D5: Outpatient Services | E5: High | F5: Wrong department selected at booking | G5: In Progress | H5: 09:05 | I5: 25 | J5: Yes | K5: Complete | L5: Patient directed to correct department and revised slot offered
A6: 46188 | B6: CASE-002 | C6: Missing Approval | D6: Billing and Insurance | E6: Medium | F6: Approval not attached to patient file | G6: Open | H6: 09:15 | I6: 40 | J6: No | K6: Complete | L6: Billing team contacted payer for confirmation
A7: 46188 | B7: CASE-003 | C7: Record Mismatch | D7: Medical Records | E7: Medium | F7: Patient phone number duplicated under another profile | G7: Resolved | H7: 10:10 | I7: 12 | J7: No | K7: Complete | L7: Record corrected after identifier check
A8: 46188 | B8: CASE-004 | C8: Staff Availability | D8: Doctor Office | E8: High | F8: Provider unavailable due to urgent clinic change | G8: Escalated | H8: 11:00 | I8: 35 | J8: Yes | K8: Complete | L8: Supervisor approved reassignment
A9: 46188 | B9: CASE-005 | C9: Patient Complaint | D9: Front Desk | E9: High | F9: Waiting time exceeded target | G9: In Progress | H9: 12:20 | I9: 18 | J9: Yes | K9: Complete | L9: Patient informed and expected wait time updated
A10: 46188 | B10: CASE-006 | C10: Missing Approval | D10: Billing and Insurance | E10: Medium | F10: Procedure approval required before nursing action | G10: Resolved | H10: 13:05 | I10: 15 | J10: No | K10: Complete | L10: Approval confirmed and nursing notified
A11: 46188 | B11: CASE-007 | C11: Referral Update | D11: Medical Records | E11: Medium | F11: Referral document missing from file | G11: Open | H11: 14:10 | I11: 50 | J11: No | K11: Pending | L11: Document requested from referring office
A12: 46188 | B12: CASE-008 | C12: Appointment Error | D12: Administration | E12: Low | F12: End-of-day follow-up not closed | G12: Open | H12: 15:00 | I12: 30 | J12: No | K12: Complete | L12: Pending final closure by owner
A13: 46189 | B13: CASE-009 | C13: Record Mismatch | D13: Medical Records | E13: High | F13: Date of birth mismatch on registration form | G13: Resolved | H13: 08:40 | I13: 10 | J13: No | K13: Complete | L13: Identifiers verified and corrected
A14: 46189 | B14: CASE-010 | C14: Staff Availability | D14: Nursing | E14: Medium | F14: Nursing room unavailable | G14: Overdue | H14: 10:30 | I14: 65 | J14: Yes | K14: Complete | L14: Temporary room assignment pending
A15: 46189 | B15: CASE-011 | C15: Patient Complaint | D15: Patient Relations | E15: High | F15: Patient requested supervisor update | G15: Resolved | H15: 12:10 | I15: 20 | J15: Yes | K15: Complete | L15: Supervisor call completed and case closed

Sheet Patient Update Log
A1: Patient Communication Update Log
A2: Record of patient-facing updates provided during coordination cases
A4: Date | B4: Time | C4: Case ID | D4: Patient ID | E4: Update Type | F4: Status | G4: Staff Member | H4: Message Summary
A5: 46188 | B5: 09:10 | C5: CASE-001 | D5: PT-1042 | E5: Delay Update | F5: Sent | G5: Front Desk Lead | H5: Patient informed that appointment details are being verified
A6: 46188 | B6: 09:25 | C6: CASE-001 | D6: PT-1042 | E6: Resolution Update | F6: Sent | G6: Outpatient Coordinator | H6: Correct department confirmed and new time provided
A7: 46188 | B7: 09:30 | C7: CASE-002 | D7: PT-1187 | E7: Approval Update | F7: Sent | G7: Billing Officer | H7: Patient advised that insurance approval is being checked
A8: 46188 | B8: 11:05 | C8: CASE-004 | D8: PT-1214 | E8: Schedule Change | F8: Sent | G8: Clinic Coordinator | H8: Patient informed of doctor availability change
A9: 46188 | B9: 12:25 | C9: CASE-005 | D9: PT-1299 | E9: Waiting Time Update | F9: Sent | G9: Patient Relations Officer | H9: Patient given revised waiting time
A10: 46188 | B10: 13:20 | C10: CASE-006 | D10: Approval Update | E10: Sent | F10: Insurance Lead | G10: Patient notified that approval is complete
A11: 46188 | B11: 14:20 | C11: CASE-007 | D11: Document Update | E11: Pending | F11: Records Supervisor | G11: Referral document still under review
A12: 46189 | B12: 08:50 | C12: CASE-009 | D12: Record Update | E12: Sent | F12: Records Officer | G12: Patient advised that profile details were corrected
A13: 46189 | B13: 10:50 | C13: CASE-010 | D13: Delay Update | E13: Sent | F13: Charge Nurse | G13: Patient updated about temporary room assignment
A14: 46189 | B14: 12:20 | C14: CASE-011 | D14: Service Recovery | E14: Sent | F14: Patient Relations Officer | G14: Supervisor follow-up completed
A15: 46189 | B15: 15:30 | C15: CASE-012 | D15: General Update | E15: Not Sent | F15: Front Desk Lead | G15: Update pending department confirmation
A16: 46189 | B16: 16:00 | C16: CASE-013 | D16: Closure Update | E16: Sent | F16: Administration Supervisor | G16: Case closure confirmed

Sheet Daily Handover
A1: Daily Handover Checklist
A2: Checklist for shift-to-shift communication and unresolved case transfer
A4: Date | B4: Shift | C4: Department | D4: Open Cases | E4: Urgent Items | F4: Owner | G4: Handover Completed | H4: Notes
A5: 46188 | B5: Morning | C5: Front Desk | D5: 2 | E5: Patient waiting concern | F5: Front Desk Lead | G5: Yes | H5: Monitor waiting time updates
A6: 46188 | B6: Morning | C6: Billing and Insurance | D6: 1 | E6: Approval pending | F6: Billing Officer | G6: Yes | H6: Pending payer response
A7: 46188 | B7: Afternoon | C7: Medical Records | D7: 1 | E7: Referral document missing | F7: Records Supervisor | G7: No | H7: Follow up with referring office
A8: 46188 | B8: Afternoon | C8: Doctor Office | D8: 1 | E8: Provider reassignment | F8: Clinic Coordinator | G8: Yes | H8: Revised slot offered
A9: 46189 | B9: Morning | C9: Nursing | D9: 1 | E9: Room assignment | F9: Charge Nurse | G9: No | H9: Temporary room pending
A10: 46189 | B10: Afternoon | C10: Administration | D10: 1 | E10: Supervisor closure | F10: Administration Supervisor | G10: Yes | H10: Final review completed

Sheet Communication Templates
A1: Communication Templates
A2: Reusable message structures for internal coordination and patient updates
A4: Template Type | B4: Purpose | C4: Channel | D4: Required Fields | E4: Template Text
A5: Internal Department Request | B5: Request verification or action from another department | C5: Internal Email | D5: Case ID, Patient ID, issue, deadline | E5: Please review Case ID [Case ID] for Patient ID [Patient ID]. The issue requires your department review by [Time]. Kindly update the tracker after action is completed.
A6: Urgent Call Script | B6: Escalate a time-sensitive issue | C6: Phone | D6: Case ID, issue, requested action | E6: This is an urgent coordination request for Case ID [Case ID]. The issue is [Issue]. Please confirm the next action and expected completion time.
A7: Patient Update Script | B7: Inform patient without disclosing internal details | C7: In Person / Phone | D7: Patient name, update, time frame | E7: Thank you for your patience. We are verifying your appointment details with the relevant team and will update you as soon as the next step is confirmed.
A8: Handover Note | B8: Transfer unresolved cases to the next shift | C8: Shared Tracker | D8: Case ID, owner, status, next action | E8: Case ID [Case ID] remains [Status]. Current owner: [Owner]. Next action: [Next Action]. Expected follow-up time: [Time].
A9: Closure Note | B9: Document final resolution | C9: Shared Tracker | D9: Case ID, resolution, staff member | E9: Case ID [Case ID] was resolved on [Date/Time]. Final action taken: [Resolution]. Closed by [Staff Member].

Sheet Process Flow
A1: Interdepartmental Communication Process Flow
A2: Step-by-step workflow for identifying, escalating, resolving, and closing issues
A4: Step | B4: Process Stage | C4: Responsible Team | D4: Output
A5: 1 | B5: Patient arrives or department issue is identified | C5: Front Desk or Source Department | D5: Issue recorded with Case ID
A6: 2 | B6: Patient identity and appointment information are verified | C6: Front Desk / Medical Records | D6: Confirmed patient record
A7: 3 | B7: Issue category and priority are assigned | C7: Source Department | D7: Priority and owner selected
A8: 4 | B8: Responsible department is contacted | C8: Assigned Owner | D8: Department response requested
A9: 5 | B9: Shared tracker is updated | C9: Assigned Owner | D9: Time-stamped update
A10: 6 | B10: Escalation rule is checked | C10: Owner / Supervisor | D10: Escalation decision
A11: 7 | B11: Patient is updated using approved script | C11: Front Desk / Patient Relations | D11: Patient update log entry
A12: 8 | B12: Corrective action is completed | C12: Responsible Department | D12: Corrected record, approval, or revised appointment
A13: 9 | B13: Supervisor reviews unresolved items | C13: Administration Supervisor | D13: Service recovery or decision
A14: 10 | B14: Case is closed with evidence | C14: Owner | D14: Resolution summary and closure time

Sheet Validation Lists
A1: Validation Lists
A2: Dropdown categories used across editable sheets
A4: Departments | B4: Priority | C4: Status | D4: Channels | E4: Issue Types | F4: Yes No | G4: Review Status
A5: Front Desk | B5: Low | C5: Open | D5: Phone | E5: Appointment Error | F5: Yes | G5: Pending
A6: Outpatient Services | B6: Medium | C6: In Progress | D6: Internal Email | E6: Missing Approval | F6: No | G6: Complete
A7: Medical Records | B7: High | C7: Resolved | D7: Shared Tracker | E7: Record Mismatch | G7: Not Required
A8: Billing and Insurance | B8: Critical | C8: Escalated | D8: Secure Messaging | E8: Staff Availability
A9: Nursing | C9: Overdue | D9: In Person | E9: Patient Complaint
A10: Doctor Office | C10: Closed | E10: Referral Update
A11: Administration | E11: Urgent Clinical Concern
A12: Patient Relations
